Affiliation1,Affiliation2,Ratio,Token_Sort_Ratio
Gabe Gershenfeld,Japanese financial institution,26,22
Gabe Gershenfeld,Bertelsmann,37,37
Gabe Gershenfeld,Univ. Georgia's Terry Coll. Business,31,36
Gabe Gershenfeld,Alinement Network,30,30
Gabe Gershenfeld,Shenzhen Stock Exchange,31,41
Gabe Gershenfeld,University of New Mexico Health Sciences Center,22,25
Gabe Gershenfeld,Harvey Strategic Information Management,29,29
Gabe Gershenfeld,BIS Mackintosh Ltd,35,24
Gabe Gershenfeld,Temasek Polytechnic,34,29
Gabe Gershenfeld,Jiujiang University,29,29
Gabe Gershenfeld,Interactive Intelligence,35,30
Gabe Gershenfeld,Shenzhen Aerospace Tech-Innovation Institute,27,30
Gabe Gershenfeld,Lufthansa Group,26,26
Gabe Gershenfeld,Center for Telecom Management,27,36
Gabe Gershenfeld,Ministry of Health Vitenam,24,24
Gabe Gershenfeld,True Generation Hospital,35,30
Gabe Gershenfeld,National Central University,28,23
Gabe Gershenfeld,Dytecna Ltd.,29,30
Gabe Gershenfeld,MIT Sloan School's Center for Information Systems Research (CISR,20,20
Gabe Gershenfeld,Laboratoire des Sciences du Climat et de l'Environnement,31,25
Gabe Gershenfeld,Faculty of Earth and Life Sciences,32,32
Gabe Gershenfeld,Univ. N. T.,15,17
Gabe Gershenfeld,Korea District Heating Corp.,27,28
Gabe Gershenfeld,Advanced Technology Center,38,38
Gabe Gershenfeld,Theseus Institute,30,30
Charles Stark Draper Lab Inc,"WayMark Systems, Inc.",41,38
Charles Stark Draper Lab Inc,Managing and Training Division,31,34
Charles Stark Draper Lab Inc,Ecosynergy Group Ltd (EGL),33,35
Charles Stark Draper Lab Inc,Teradata University Network,29,29
Charles Stark Draper Lab Inc,Rivendel Consulting and Design Inc.,41,35
Charles Stark Draper Lab Inc,Petroleum Engineering South-West Company,29,35
Charles Stark Draper Lab Inc,Addis Ababa University,32,28
Charles Stark Draper Lab Inc,LLP,13,13
Charles Stark Draper Lab Inc,Northwest Nazarene University,35,35
Charles Stark Draper Lab Inc,Kemi-Tornio University of Applied Sciences,34,37
Charles Stark Draper Lab Inc,Ohio University,23,28
Charles Stark Draper Lab Inc,Adler Consultants,36,40
Charles Stark Draper Lab Inc,G.R. Herberger Coll. Bus.,34,36
Charles Stark Draper Lab Inc,Sichuan Prov. Inst. of Dermatology,39,33
Charles Stark Draper Lab Inc,Waters Australia Pty. Ltd.,41,42
Charles Stark Draper Lab Inc,WHU Vollendar,29,29
Charles Stark Draper Lab Inc,Daegu Health College,29,42
Charles Stark Draper Lab Inc,National Institute for Mathematical Sciences,39,31
Charles Stark Draper Lab Inc,Marlo Group,31,26
Charles Stark Draper Lab Inc,Jiangxi Science and Technology Normal University,26,34
Charles Stark Draper Lab Inc,SUNY New Paltz,24,29
Charles Stark Draper Lab Inc,Tianjin Normal University,30,34
Charles Stark Draper Lab Inc,Singapore Telecom,36,27
Charles Stark Draper Lab Inc,Consorzio di Bioingegneria e Informatica Medica,35,32
Charles Stark Draper Lab Inc,KSI Technologies (UK) Ltd.,33,31
Charles Stark Draper Lab Inc,Management Information Systems,28,31
Charles Stark Draper Lab Inc,Japanese financial institution,34,31
Charles Stark Draper Lab Inc,Bertelsmann,31,31
Charles Stark Draper Lab Inc,Univ. Georgia's Terry Coll. Business,34,35
Charles Stark Draper Lab Inc,Alinement Network,31,40
Charles Stark Draper Lab Inc,Shenzhen Stock Exchange,39,43
Charles Stark Draper Lab Inc,University of New Mexico Health Sciences Center,29,37
Charles Stark Draper Lab Inc,Harvey Strategic Information Management,42,45
Charles Stark Draper Lab Inc,BIS Mackintosh Ltd,26,30
Charles Stark Draper Lab Inc,Temasek Polytechnic,34,34
Charles Stark Draper Lab Inc,Jiujiang University,21,26
Charles Stark Draper Lab Inc,Interactive Intelligence,35,31
Charles Stark Draper Lab Inc,Shenzhen Aerospace Tech-Innovation Institute,33,33
Charles Stark Draper Lab Inc,Lufthansa Group,33,33
Charles Stark Draper Lab Inc,Center for Telecom Management,35,32
Charles Stark Draper Lab Inc,Ministry of Health Vitenam,33,37
Charles Stark Draper Lab Inc,True Generation Hospital,31,38
Charles Stark Draper Lab Inc,National Central University,33,40
Charles Stark Draper Lab Inc,Dytecna Ltd.,25,31
Charles Stark Draper Lab Inc,MIT Sloan School's Center for Information Systems Research (CISR,33,35
Charles Stark Draper Lab Inc,Laboratoire des Sciences du Climat et de l'Environnement,33,36
Charles Stark Draper Lab Inc,Faculty of Earth and Life Sciences,42,32
Charles Stark Draper Lab Inc,Univ. N. T.,10,17
Charles Stark Draper Lab Inc,Korea District Heating Corp.,43,40
Charles Stark Draper Lab Inc,Advanced Technology Center,30,30
Charles Stark Draper Lab Inc,Theseus Institute,31,22
"WayMark Systems, Inc.",Managing and Training Division,27,29
"WayMark Systems, Inc.",Ecosynergy Group Ltd (EGL),21,28
"WayMark Systems, Inc.",Teradata University Network,29,30
"WayMark Systems, Inc.",Rivendel Consulting and Design Inc.,39,30
"WayMark Systems, Inc.",Petroleum Engineering South-West Company,30,31
"WayMark Systems, Inc.",Addis Ababa University,28,24
"WayMark Systems, Inc.",LLP,0,0
"WayMark Systems, Inc.",Northwest Nazarene University,32,29
"WayMark Systems, Inc.",Kemi-Tornio University of Applied Sciences,32,26
"WayMark Systems, Inc.",Ohio University,22,29
"WayMark Systems, Inc.",Adler Consultants,32,22
"WayMark Systems, Inc.",G.R. Herberger Coll. Bus.,26,24
"WayMark Systems, Inc.",Sichuan Prov. Inst. of Dermatology,25,24
"WayMark Systems, Inc.",Waters Australia Pty. Ltd.,34,33
"WayMark Systems, Inc.",WHU Vollendar,24,19
"WayMark Systems, Inc.",Daegu Health College,24,26
"WayMark Systems, Inc.",National Institute for Mathematical Sciences,34,29
"WayMark Systems, Inc.",Marlo Group,25,27
"WayMark Systems, Inc.",Jiangxi Science and Technology Normal University,23,24
"WayMark Systems, Inc.",SUNY New Paltz,23,30
"WayMark Systems, Inc.",Tianjin Normal University,30,27
"WayMark Systems, Inc.",Singapore Telecom,32,33
"WayMark Systems, Inc.",Consorzio di Bioingegneria e Informatica Medica,21,27
"WayMark Systems, Inc.",KSI Technologies (UK) Ltd.,30,33
"WayMark Systems, Inc.",Management Information Systems,43,41
"WayMark Systems, Inc.",Japanese financial institution,31,37
"WayMark Systems, Inc.",Bertelsmann,31,33
"WayMark Systems, Inc.",Univ. Georgia's Terry Coll. Business,25,30
"WayMark Systems, Inc.",Alinement Network,26,44
"WayMark Systems, Inc.",Shenzhen Stock Exchange,23,29
"WayMark Systems, Inc.",University of New Mexico Health Sciences Center,26,24
"WayMark Systems, Inc.",Harvey Strategic Information Management,30,24
"WayMark Systems, Inc.",BIS Mackintosh Ltd,31,38
"WayMark Systems, Inc.",Temasek Polytechnic,45,42
"WayMark Systems, Inc.",Jiujiang University,25,32
"WayMark Systems, Inc.",Interactive Intelligence,31,33
"WayMark Systems, Inc.",Shenzhen Aerospace Tech-Innovation Institute,25,25
"WayMark Systems, Inc.",Lufthansa Group,17,24
"WayMark Systems, Inc.",Center for Telecom Management,28,25
"WayMark Systems, Inc.",Ministry of Health Vitenam,30,36
"WayMark Systems, Inc.",True Generation Hospital,22,33
"WayMark Systems, Inc.",National Central University,29,26
"WayMark Systems, Inc.",Dytecna Ltd.,30,27
"WayMark Systems, Inc.",MIT Sloan School's Center for Information Systems Research (CISR,31,27
"WayMark Systems, Inc.",Laboratoire des Sciences du Climat et de l'Environnement,29,24
"WayMark Systems, Inc.",Faculty of Earth and Life Sciences,36,23
"WayMark Systems, Inc.",Univ. N. T.,19,30
"WayMark Systems, Inc.",Korea District Heating Corp.,37,30
"WayMark Systems, Inc.",Advanced Technology Center,30,31
"WayMark Systems, Inc.",Theseus Institute,32,33
Managing and Training Division,Ecosynergy Group Ltd (EGL),25,26
Managing and Training Division,Teradata University Network,35,32
Managing and Training Division,Rivendel Consulting and Design Inc.,43,47
Managing and Training Division,Petroleum Engineering South-West Company,37,31
Managing and Training Division,Addis Ababa University,38,38
Managing and Training Division,LLP,0,0
Managing and Training Division,Northwest Nazarene University,34,31
Managing and Training Division,Kemi-Tornio University of Applied Sciences,36,39
Managing and Training Division,Ohio University,31,31
Managing and Training Division,Adler Consultants,30,34
Managing and Training Division,G.R. Herberger Coll. Bus.,22,27
Managing and Training Division,Sichuan Prov. Inst. of Dermatology,31,32
Managing and Training Division,Waters Australia Pty. Ltd.,32,26
Managing and Training Division,WHU Vollendar,19,23
Managing and Training Division,Daegu Health College,28,24
Managing and Training Division,National Institute for Mathematical Sciences,38,41
Managing and Training Division,Marlo Group,24,24
Managing and Training Division,Jiangxi Science and Technology Normal University,46,41
Managing and Training Division,SUNY New Paltz,23,23
Managing and Training Division,Tianjin Normal University,47,36
Managing and Training Division,Singapore Telecom,30,26
Managing and Training Division,Consorzio di Bioingegneria e Informatica Medica,34,31
Managing and Training Division,KSI Technologies (UK) Ltd.,25,26
Managing and Training Division,Management Information Systems,47,43
Managing and Training Division,Japanese financial institution,47,40
Managing and Training Division,Bertelsmann,20,24
Managing and Training Division,Univ. Georgia's Terry Coll. Business,33,34
Managing and Training Division,Alinement Network,30,34
Managing and Training Division,Shenzhen Stock Exchange,26,30
Managing and Training Division,University of New Mexico Health Sciences Center,26,29
Managing and Training Division,Harvey Strategic Information Management,38,52
Managing and Training Division,BIS Mackintosh Ltd,29,33
Managing and Training Division,Temasek Polytechnic,24,24
Managing and Training Division,Jiujiang University,37,33
Managing and Training Division,Interactive Intelligence,37,37
Managing and Training Division,Shenzhen Aerospace Tech-Innovation Institute,38,38
Managing and Training Division,Lufthansa Group,27,22
Managing and Training Division,Center for Telecom Management,27,41
Managing and Training Division,Ministry of Health Vitenam,36,36
Managing and Training Division,True Generation Hospital,33,33
Managing and Training Division,National Central University,49,35
Managing and Training Division,Dytecna Ltd.,24,24
Managing and Training Division,MIT Sloan School's Center for Information Systems Research (CISR,32,32
Managing and Training Division,Laboratoire des Sciences du Climat et de l'Environnement,35,40
Managing and Training Division,Faculty of Earth and Life Sciences,38,31
Managing and Training Division,Univ. N. T.,29,26
Managing and Training Division,Korea District Heating Corp.,38,46
Managing and Training Division,Advanced Technology Center,36,36
Managing and Training Division,Theseus Institute,21,21
Ecosynergy Group Ltd (EGL),Teradata University Network,26,31
Ecosynergy Group Ltd (EGL),Rivendel Consulting and Design Inc.,39,38
Ecosynergy Group Ltd (EGL),Petroleum Engineering South-West Company,33,47
Ecosynergy Group Ltd (EGL),Addis Ababa University,21,22
Ecosynergy Group Ltd (EGL),LLP,14,15
Ecosynergy Group Ltd (EGL),Northwest Nazarene University,25,30
Ecosynergy Group Ltd (EGL),Kemi-Tornio University of Applied Sciences,38,30
Ecosynergy Group Ltd (EGL),Ohio University,24,26
Ecosynergy Group Ltd (EGL),Adler Consultants,33,34
Ecosynergy Group Ltd (EGL),G.R. Herberger Coll. Bus.,31,35
Ecosynergy Group Ltd (EGL),Sichuan Prov. Inst. of Dermatology,33,32
Ecosynergy Group Ltd (EGL),Waters Australia Pty. Ltd.,35,33
Ecosynergy Group Ltd (EGL),WHU Vollendar,21,27
Ecosynergy Group Ltd (EGL),Daegu Health College,39,50
Ecosynergy Group Ltd (EGL),National Institute for Mathematical Sciences,26,26
Ecosynergy Group Ltd (EGL),Marlo Group,38,40
Ecosynergy Group Ltd (EGL),Jiangxi Science and Technology Normal University,30,28
Ecosynergy Group Ltd (EGL),SUNY New Paltz,40,32
Ecosynergy Group Ltd (EGL),Tianjin Normal University,24,24
Ecosynergy Group Ltd (EGL),Singapore Telecom,37,34
Ecosynergy Group Ltd (EGL),Consorzio di Bioingegneria e Informatica Medica,30,31
Ecosynergy Group Ltd (EGL),KSI Technologies (UK) Ltd.,38,30
Ecosynergy Group Ltd (EGL),Management Information Systems,29,22
Ecosynergy Group Ltd (EGL),Japanese financial institution,21,19
Ecosynergy Group Ltd (EGL),Bertelsmann,27,23
Ecosynergy Group Ltd (EGL),Univ. Georgia's Terry Coll. Business,35,34
Ecosynergy Group Ltd (EGL),Alinement Network,23,24
Ecosynergy Group Ltd (EGL),Shenzhen Stock Exchange,33,34
Ecosynergy Group Ltd (EGL),University of New Mexico Health Sciences Center,33,31
Ecosynergy Group Ltd (EGL),Harvey Strategic Information Management,28,29
Ecosynergy Group Ltd (EGL),BIS Mackintosh Ltd,32,24
Ecosynergy Group Ltd (EGL),Temasek Polytechnic,36,23
Ecosynergy Group Ltd (EGL),Jiujiang University,22,28
Ecosynergy Group Ltd (EGL),Interactive Intelligence,28,29
Ecosynergy Group Ltd (EGL),Shenzhen Aerospace Tech-Innovation Institute,31,26
Ecosynergy Group Ltd (EGL),Lufthansa Group,34,41
Ecosynergy Group Ltd (EGL),Center for Telecom Management,36,34
Ecosynergy Group Ltd (EGL),Ministry of Health Vitenam,38,32
Ecosynergy Group Ltd (EGL),True Generation Hospital,36,38
Ecosynergy Group Ltd (EGL),National Central University,26,31
Ecosynergy Group Ltd (EGL),Dytecna Ltd.,37,40
Ecosynergy Group Ltd (EGL),MIT Sloan School's Center for Information Systems Research (CISR,29,28
Ecosynergy Group Ltd (EGL),Laboratoire des Sciences du Climat et de l'Environnement,29,28
Ecosynergy Group Ltd (EGL),Faculty of Earth and Life Sciences,30,31
Ecosynergy Group Ltd (EGL),Univ. N. T.,22,25
Ecosynergy Group Ltd (EGL),Korea District Heating Corp.,30,35
Ecosynergy Group Ltd (EGL),Advanced Technology Center,31,36
Ecosynergy Group Ltd (EGL),Theseus Institute,33,24
Teradata University Network,Rivendel Consulting and Design Inc.,32,30
Teradata University Network,Petroleum Engineering South-West Company,36,33
Teradata University Network,Addis Ababa University,61,57
Teradata University Network,LLP,0,0
Teradata University Network,Northwest Nazarene University,54,64
Teradata University Network,Kemi-Tornio University of Applied Sciences,46,46
Teradata University Network,Ohio University,52,57
Teradata University Network,Adler Consultants,36,32
Teradata University Network,G.R. Herberger Coll. Bus.,23,24
Teradata University Network,Sichuan Prov. Inst. of Dermatology,30,31
Teradata University Network,Waters Australia Pty. Ltd.,42,39
Teradata University Network,WHU Vollendar,25,30
Teradata University Network,Daegu Health College,30,30
Teradata University Network,National Institute for Mathematical Sciences,34,39
Teradata University Network,Marlo Group,21,21
Teradata University Network,Jiangxi Science and Technology Normal University,43,45
Teradata University Network,SUNY New Paltz,34,49
Teradata University Network,Tianjin Normal University,54,65
Teradata University Network,Singapore Telecom,27,32
Teradata University Network,Consorzio di Bioingegneria e Informatica Medica,30,35
Teradata University Network,KSI Technologies (UK) Ltd.,30,36
Teradata University Network,Management Information Systems,32,35
Teradata University Network,Japanese financial institution,35,32
Teradata University Network,Bertelsmann,32,32
Teradata University Network,Univ. Georgia's Terry Coll. Business,38,43
Teradata University Network,Alinement Network,55,36
Teradata University Network,Shenzhen Stock Exchange,32,32
Teradata University Network,University of New Mexico Health Sciences Center,43,49
Teradata University Network,Harvey Strategic Information Management,36,30
Teradata University Network,BIS Mackintosh Ltd,27,27
Teradata University Network,Temasek Polytechnic,26,30
Teradata University Network,Jiujiang University,52,52
Teradata University Network,Interactive Intelligence,47,43
Teradata University Network,Shenzhen Aerospace Tech-Innovation Institute,31,31
Teradata University Network,Lufthansa Group,29,29
Teradata University Network,Center for Telecom Management,36,36
Teradata University Network,Ministry of Health Vitenam,34,34
Teradata University Network,True Generation Hospital,35,39
Teradata University Network,National Central University,56,67
Teradata University Network,Dytecna Ltd.,26,26
Teradata University Network,MIT Sloan School's Center for Information Systems Research (CISR,26,31
Teradata University Network,Laboratoire des Sciences du Climat et de l'Environnement,31,29
Teradata University Network,Faculty of Earth and Life Sciences,39,36
Teradata University Network,Univ. N. T.,37,46
Teradata University Network,Korea District Heating Corp.,44,33
Teradata University Network,Advanced Technology Center,42,34
Teradata University Network,Theseus Institute,36,32
Rivendel Consulting and Design Inc.,Petroleum Engineering South-West Company,32,35
Rivendel Consulting and Design Inc.,Addis Ababa University,28,32
Rivendel Consulting and Design Inc.,LLP,11,11
Rivendel Consulting and Design Inc.,Northwest Nazarene University,34,38
Rivendel Consulting and Design Inc.,Kemi-Tornio University of Applied Sciences,36,39
Rivendel Consulting and Design Inc.,Ohio University,28,29
Rivendel Consulting and Design Inc.,Adler Consultants,50,47
Rivendel Consulting and Design Inc.,G.R. Herberger Coll. Bus.,33,36
Rivendel Consulting and Design Inc.,Sichuan Prov. Inst. of Dermatology,35,36
Rivendel Consulting and Design Inc.,Waters Australia Pty. Ltd.,30,31
Rivendel Consulting and Design Inc.,WHU Vollendar,21,21
Rivendel Consulting and Design Inc.,Daegu Health College,33,41
Rivendel Consulting and Design Inc.,National Institute for Mathematical Sciences,41,41
Rivendel Consulting and Design Inc.,Marlo Group,22,22
Rivendel Consulting and Design Inc.,Jiangxi Science and Technology Normal University,39,41
Rivendel Consulting and Design Inc.,SUNY New Paltz,29,29
Rivendel Consulting and Design Inc.,Tianjin Normal University,33,44
Rivendel Consulting and Design Inc.,Singapore Telecom,31,31
Rivendel Consulting and Design Inc.,Consorzio di Bioingegneria e Informatica Medica,39,42
Rivendel Consulting and Design Inc.,KSI Technologies (UK) Ltd.,36,32
Rivendel Consulting and Design Inc.,Management Information Systems,34,31
Rivendel Consulting and Design Inc.,Japanese financial institution,37,41
Rivendel Consulting and Design Inc.,Bertelsmann,30,22
Rivendel Consulting and Design Inc.,Univ. Georgia's Terry Coll. Business,34,38
Rivendel Consulting and Design Inc.,Alinement Network,31,35
Rivendel Consulting and Design Inc.,Shenzhen Stock Exchange,34,32
Rivendel Consulting and Design Inc.,University of New Mexico Health Sciences Center,39,40
Rivendel Consulting and Design Inc.,Harvey Strategic Information Management,38,33
Rivendel Consulting and Design Inc.,BIS Mackintosh Ltd,30,31
Rivendel Consulting and Design Inc.,Temasek Polytechnic,37,38
Rivendel Consulting and Design Inc.,Jiujiang University,37,34
Rivendel Consulting and Design Inc.,Interactive Intelligence,44,45
Rivendel Consulting and Design Inc.,Shenzhen Aerospace Tech-Innovation Institute,38,36
Rivendel Consulting and Design Inc.,Lufthansa Group,28,24
Rivendel Consulting and Design Inc.,Center for Telecom Management,34,32
Rivendel Consulting and Design Inc.,Ministry of Health Vitenam,33,37
Rivendel Consulting and Design Inc.,True Generation Hospital,34,34
Rivendel Consulting and Design Inc.,National Central University,39,36
Rivendel Consulting and Design Inc.,Dytecna Ltd.,34,27
Rivendel Consulting and Design Inc.,MIT Sloan School's Center for Information Systems Research (CISR,32,33
Rivendel Consulting and Design Inc.,Laboratoire des Sciences du Climat et de l'Environnement,42,36
Rivendel Consulting and Design Inc.,Faculty of Earth and Life Sciences,41,47
Rivendel Consulting and Design Inc.,Univ. N. T.,26,33
Rivendel Consulting and Design Inc.,Korea District Heating Corp.,41,39
Rivendel Consulting and Design Inc.,Advanced Technology Center,36,40
Rivendel Consulting and Design Inc.,Theseus Institute,31,31
Petroleum Engineering South-West Company,Addis Ababa University,26,29
Petroleum Engineering South-West Company,LLP,9,5
Petroleum Engineering South-West Company,Northwest Nazarene University,35,38
Petroleum Engineering South-West Company,Kemi-Tornio University of Applied Sciences,39,37
Petroleum Engineering South-West Company,Ohio University,33,29
Petroleum Engineering South-West Company,Adler Consultants,32,32
Petroleum Engineering South-West Company,G.R. Herberger Coll. Bus.,31,35
Petroleum Engineering South-West Company,Sichuan Prov. Inst. of Dermatology,35,36
Petroleum Engineering South-West Company,Waters Australia Pty. Ltd.,30,34
Petroleum Engineering South-West Company,WHU Vollendar,19,23
Petroleum Engineering South-West Company,Daegu Health College,30,40
Petroleum Engineering South-West Company,National Institute for Mathematical Sciences,38,36
Petroleum Engineering South-West Company,Marlo Group,31,24
Petroleum Engineering South-West Company,Jiangxi Science and Technology Normal University,34,43
Petroleum Engineering South-West Company,SUNY New Paltz,30,30
Petroleum Engineering South-West Company,Tianjin Normal University,37,40
Petroleum Engineering South-West Company,Singapore Telecom,32,32
Petroleum Engineering South-West Company,Consorzio di Bioingegneria e Informatica Medica,34,39
Petroleum Engineering South-West Company,KSI Technologies (UK) Ltd.,27,25
Petroleum Engineering South-West Company,Management Information Systems,40,46
Petroleum Engineering South-West Company,Japanese financial institution,37,34
Petroleum Engineering South-West Company,Bertelsmann,31,20
Petroleum Engineering South-West Company,Univ. Georgia's Terry Coll. Business,34,32
Petroleum Engineering South-West Company,Alinement Network,35,35
Petroleum Engineering South-West Company,Shenzhen Stock Exchange,35,35
Petroleum Engineering South-West Company,University of New Mexico Health Sciences Center,37,37
Petroleum Engineering South-West Company,Harvey Strategic Information Management,35,38
Petroleum Engineering South-West Company,BIS Mackintosh Ltd,21,28
Petroleum Engineering South-West Company,Temasek Polytechnic,34,37
Petroleum Engineering South-West Company,Jiujiang University,34,31
Petroleum Engineering South-West Company,Interactive Intelligence,34,34
Petroleum Engineering South-West Company,Shenzhen Aerospace Tech-Innovation Institute,36,38
Petroleum Engineering South-West Company,Lufthansa Group,29,33
Petroleum Engineering South-West Company,Center for Telecom Management,41,41
Petroleum Engineering South-West Company,Ministry of Health Vitenam,33,33
Petroleum Engineering South-West Company,True Generation Hospital,47,41
Petroleum Engineering South-West Company,National Central University,39,39
Petroleum Engineering South-West Company,Dytecna Ltd.,19,24
Petroleum Engineering South-West Company,MIT Sloan School's Center for Information Systems Research (CISR,35,37
Petroleum Engineering South-West Company,Laboratoire des Sciences du Climat et de l'Environnement,35,44
Petroleum Engineering South-West Company,Faculty of Earth and Life Sciences,30,38
Petroleum Engineering South-West Company,Univ. N. T.,24,21
Petroleum Engineering South-West Company,Korea District Heating Corp.,41,39
Petroleum Engineering South-West Company,Advanced Technology Center,27,36
Petroleum Engineering South-West Company,Theseus Institute,35,35
Addis Ababa University,LLP,0,0
Addis Ababa University,Northwest Nazarene University,59,59
Addis Ababa University,Kemi-Tornio University of Applied Sciences,38,47
Addis Ababa University,Ohio University,65,65
Addis Ababa University,Adler Consultants,31,31
Addis Ababa University,G.R. Herberger Coll. Bus.,21,23
Addis Ababa University,Sichuan Prov. Inst. of Dermatology,32,30
Addis Ababa University,Waters Australia Pty. Ltd.,38,39
Addis Ababa University,WHU Vollendar,23,17
Addis Ababa University,Daegu Health College,24,24
Addis Ababa University,National Institute for Mathematical Sciences,33,30
Addis Ababa University,Marlo Group,18,18
Addis Ababa University,Jiangxi Science and Technology Normal University,49,46
Addis Ababa University,SUNY New Paltz,28,33
Addis Ababa University,Tianjin Normal University,64,64
Addis Ababa University,Singapore Telecom,21,21
Addis Ababa University,Consorzio di Bioingegneria e Informatica Medica,29,29
Addis Ababa University,KSI Technologies (UK) Ltd.,29,31
Addis Ababa University,Management Information Systems,27,27
Addis Ababa University,Japanese financial institution,38,35
Addis Ababa University,Bertelsmann,24,24
Addis Ababa University,Univ. Georgia's Terry Coll. Business,31,32
Addis Ababa University,Alinement Network,31,31
Addis Ababa University,Shenzhen Stock Exchange,22,31
Addis Ababa University,University of New Mexico Health Sciences Center,29,43
Addis Ababa University,Harvey Strategic Information Management,26,30
Addis Ababa University,BIS Mackintosh Ltd,35,30
Addis Ababa University,Temasek Polytechnic,24,20
Addis Ababa University,Jiujiang University,63,59
Addis Ababa University,Interactive Intelligence,30,26
Addis Ababa University,Shenzhen Aerospace Tech-Innovation Institute,30,33
Addis Ababa University,Lufthansa Group,27,22
Addis Ababa University,Center for Telecom Management,20,20
Addis Ababa University,Ministry of Health Vitenam,33,33
Addis Ababa University,True Generation Hospital,30,26
Addis Ababa University,National Central University,61,61
Addis Ababa University,Dytecna Ltd.,24,18
Addis Ababa University,MIT Sloan School's Center for Information Systems Research (CISR,23,24
Addis Ababa University,Laboratoire des Sciences du Climat et de l'Environnement,28,33
Addis Ababa University,Faculty of Earth and Life Sciences,32,32
Addis Ababa University,Univ. N. T.,30,40
Addis Ababa University,Korea District Heating Corp.,32,29
Addis Ababa University,Advanced Technology Center,33,38
Addis Ababa University,Theseus Institute,31,26
LLP,Northwest Nazarene University,0,0
LLP,Kemi-Tornio University of Applied Sciences,4,4
LLP,Ohio University,0,0
LLP,Adler Consultants,20,20
LLP,G.R. Herberger Coll. Bus.,14,16
LLP,Sichuan Prov. Inst. of Dermatology,5,11
LLP,Waters Australia Pty. Ltd.,14,22
LLP,WHU Vollendar,25,25
LLP,Daegu Health College,17,17
LLP,National Institute for Mathematical Sciences,9,9
LLP,Marlo Group,29,14
LLP,Jiangxi Science and Technology Normal University,8,8
LLP,SUNY New Paltz,12,12
LLP,Tianjin Normal University,7,7
LLP,Singapore Telecom,10,10
LLP,Consorzio di Bioingegneria e Informatica Medica,0,0
LLP,KSI Technologies (UK) Ltd.,14,15
LLP,Management Information Systems,0,0
LLP,Japanese financial institution,6,12
LLP,Bertelsmann,14,14
LLP,Univ. Georgia's Terry Coll. Business,10,11
LLP,Alinement Network,10,10
LLP,Shenzhen Stock Exchange,0,0
LLP,University of New Mexico Health Sciences Center,4,4
LLP,Harvey Strategic Information Management,0,0
LLP,BIS Mackintosh Ltd,10,10
LLP,Temasek Polytechnic,9,9
LLP,Jiujiang University,0,0
LLP,Interactive Intelligence,15,15
LLP,Shenzhen Aerospace Tech-Innovation Institute,4,4
LLP,Lufthansa Group,22,11
LLP,Center for Telecom Management,6,6
LLP,Ministry of Health Vitenam,7,7
LLP,True Generation Hospital,7,7
LLP,National Central University,13,13
LLP,Dytecna Ltd.,13,14
LLP,MIT Sloan School's Center for Information Systems Research (CISR,6,6
LLP,Laboratoire des Sciences du Climat et de l'Environnement,7,7
LLP,Faculty of Earth and Life Sciences,11,11
LLP,Univ. N. T.,0,0
LLP,Korea District Heating Corp.,6,7
LLP,Advanced Technology Center,7,7
LLP,Theseus Institute,0,0
Northwest Nazarene University,Kemi-Tornio University of Applied Sciences,42,54
Northwest Nazarene University,Ohio University,59,59
Northwest Nazarene University,Adler Consultants,26,35
Northwest Nazarene University,G.R. Herberger Coll. Bus.,33,24
Northwest Nazarene University,Sichuan Prov. Inst. of Dermatology,32,30
Northwest Nazarene University,Waters Australia Pty. Ltd.,36,34
Northwest Nazarene University,WHU Vollendar,24,29
Northwest Nazarene University,Daegu Health College,24,29
Northwest Nazarene University,National Institute for Mathematical Sciences,33,36
Northwest Nazarene University,Marlo Group,20,20
Northwest Nazarene University,Jiangxi Science and Technology Normal University,44,52
Northwest Nazarene University,SUNY New Paltz,28,37
Northwest Nazarene University,Tianjin Normal University,56,59
Northwest Nazarene University,Singapore Telecom,30,35
Northwest Nazarene University,Consorzio di Bioingegneria e Informatica Medica,34,37
Northwest Nazarene University,KSI Technologies (UK) Ltd.,29,27
Northwest Nazarene University,Management Information Systems,34,37
Northwest Nazarene University,Japanese financial institution,41,37
Northwest Nazarene University,Bertelsmann,35,30
Northwest Nazarene University,Univ. Georgia's Terry Coll. Business,34,38
Northwest Nazarene University,Alinement Network,35,39
Northwest Nazarene University,Shenzhen Stock Exchange,35,38
Northwest Nazarene University,University of New Mexico Health Sciences Center,37,53
Northwest Nazarene University,Harvey Strategic Information Management,35,38
Northwest Nazarene University,BIS Mackintosh Ltd,26,21
Northwest Nazarene University,Temasek Polytechnic,29,29
Northwest Nazarene University,Jiujiang University,54,54
Northwest Nazarene University,Interactive Intelligence,38,45
Northwest Nazarene University,Shenzhen Aerospace Tech-Innovation Institute,36,36
Northwest Nazarene University,Lufthansa Group,27,27
Northwest Nazarene University,Center for Telecom Management,41,34
Northwest Nazarene University,Ministry of Health Vitenam,33,33
Northwest Nazarene University,True Generation Hospital,38,42
Northwest Nazarene University,National Central University,61,57
Northwest Nazarene University,Dytecna Ltd.,29,20
Northwest Nazarene University,MIT Sloan School's Center for Information Systems Research (CISR,30,30
Northwest Nazarene University,Laboratoire des Sciences du Climat et de l'Environnement,35,33
Northwest Nazarene University,Faculty of Earth and Life Sciences,38,38
Northwest Nazarene University,Univ. N. T.,25,43
Northwest Nazarene University,Korea District Heating Corp.,35,32
Northwest Nazarene University,Advanced Technology Center,33,40
Northwest Nazarene University,Theseus Institute,43,39
Kemi-Tornio University of Applied Sciences,Ohio University,49,49
Kemi-Tornio University of Applied Sciences,Adler Consultants,31,34
Kemi-Tornio University of Applied Sciences,G.R. Herberger Coll. Bus.,27,25
Kemi-Tornio University of Applied Sciences,Sichuan Prov. Inst. of Dermatology,34,41
Kemi-Tornio University of Applied Sciences,Waters Australia Pty. Ltd.,32,30
Kemi-Tornio University of Applied Sciences,WHU Vollendar,22,22
Kemi-Tornio University of Applied Sciences,Daegu Health College,29,26
Kemi-Tornio University of Applied Sciences,National Institute for Mathematical Sciences,51,40
Kemi-Tornio University of Applied Sciences,Marlo Group,26,19
Kemi-Tornio University of Applied Sciences,Jiangxi Science and Technology Normal University,36,64
Kemi-Tornio University of Applied Sciences,SUNY New Paltz,25,29
Kemi-Tornio University of Applied Sciences,Tianjin Normal University,45,51
Kemi-Tornio University of Applied Sciences,Singapore Telecom,27,27
Kemi-Tornio University of Applied Sciences,Consorzio di Bioingegneria e Informatica Medica,38,38
Kemi-Tornio University of Applied Sciences,KSI Technologies (UK) Ltd.,35,34
Kemi-Tornio University of Applied Sciences,Management Information Systems,36,31
Kemi-Tornio University of Applied Sciences,Japanese financial institution,31,36
Kemi-Tornio University of Applied Sciences,Bertelsmann,23,19
Kemi-Tornio University of Applied Sciences,Univ. Georgia's Terry Coll. Business,46,39
Kemi-Tornio University of Applied Sciences,Alinement Network,27,41
Kemi-Tornio University of Applied Sciences,Shenzhen Stock Exchange,34,34
Kemi-Tornio University of Applied Sciences,University of New Mexico Health Sciences Center,56,63
Kemi-Tornio University of Applied Sciences,Harvey Strategic Information Management,35,35
Kemi-Tornio University of Applied Sciences,BIS Mackintosh Ltd,27,33
Kemi-Tornio University of Applied Sciences,Temasek Polytechnic,33,33
Kemi-Tornio University of Applied Sciences,Jiujiang University,43,46
Kemi-Tornio University of Applied Sciences,Interactive Intelligence,42,39
Kemi-Tornio University of Applied Sciences,Shenzhen Aerospace Tech-Innovation Institute,33,37
Kemi-Tornio University of Applied Sciences,Lufthansa Group,21,21
Kemi-Tornio University of Applied Sciences,Center for Telecom Management,34,31
Kemi-Tornio University of Applied Sciences,Ministry of Health Vitenam,50,41
Kemi-Tornio University of Applied Sciences,True Generation Hospital,33,36
Kemi-Tornio University of Applied Sciences,National Central University,41,55
Kemi-Tornio University of Applied Sciences,Dytecna Ltd.,19,23
Kemi-Tornio University of Applied Sciences,MIT Sloan School's Center for Information Systems Research (CISR,40,34
Kemi-Tornio University of Applied Sciences,Laboratoire des Sciences du Climat et de l'Environnement,35,39
Kemi-Tornio University of Applied Sciences,Faculty of Earth and Life Sciences,53,45
Kemi-Tornio University of Applied Sciences,Univ. N. T.,23,32
Kemi-Tornio University of Applied Sciences,Korea District Heating Corp.,37,32
Kemi-Tornio University of Applied Sciences,Advanced Technology Center,29,38
Kemi-Tornio University of Applied Sciences,Theseus Institute,27,27
Ohio University,Adler Consultants,25,25
Ohio University,G.R. Herberger Coll. Bus.,25,22
Ohio University,Sichuan Prov. Inst. of Dermatology,33,30
Ohio University,Waters Australia Pty. Ltd.,29,26
Ohio University,WHU Vollendar,36,21
Ohio University,Daegu Health College,17,29
Ohio University,National Institute for Mathematical Sciences,31,27
Ohio University,Marlo Group,23,23
Ohio University,Jiangxi Science and Technology Normal University,41,44
Ohio University,SUNY New Paltz,28,28
Ohio University,Tianjin Normal University,65,65
Ohio University,Singapore Telecom,25,25
Ohio University,Consorzio di Bioingegneria e Informatica Medica,29,26
Ohio University,KSI Technologies (UK) Ltd.,34,32
Ohio University,Management Information Systems,27,36
Ohio University,Japanese financial institution,27,27
Ohio University,Bertelsmann,23,23
Ohio University,Univ. Georgia's Terry Coll. Business,35,33
Ohio University,Alinement Network,31,31
Ohio University,Shenzhen Stock Exchange,26,32
Ohio University,University of New Mexico Health Sciences Center,32,45
Ohio University,Harvey Strategic Information Management,26,30
Ohio University,BIS Mackintosh Ltd,30,24
Ohio University,Temasek Polytechnic,24,35
Ohio University,Jiujiang University,71,71
Ohio University,Interactive Intelligence,36,31
Ohio University,Shenzhen Aerospace Tech-Innovation Institute,31,31
Ohio University,Lufthansa Group,20,33
Ohio University,Center for Telecom Management,27,23
Ohio University,Ministry of Health Vitenam,29,34
Ohio University,True Generation Hospital,36,31
Ohio University,National Central University,62,62
Ohio University,Dytecna Ltd.,15,15
Ohio University,MIT Sloan School's Center for Information Systems Research (CISR,25,23
Ohio University,Laboratoire des Sciences du Climat et de l'Environnement,23,25
Ohio University,Faculty of Earth and Life Sciences,33,29
Ohio University,Univ. N. T.,38,43
Ohio University,Korea District Heating Corp.,28,29
Ohio University,Advanced Technology Center,29,29
Ohio University,Theseus Institute,38,31
Adler Consultants,G.R. Herberger Coll. Bus.,33,21
Adler Consultants,Sichuan Prov. Inst. of Dermatology,31,37
Adler Consultants,Waters Australia Pty. Ltd.,37,39
Adler Consultants,WHU Vollendar,27,33
Adler Consultants,Daegu Health College,32,32
Adler Consultants,National Institute for Mathematical Sciences,33,33
Adler Consultants,Marlo Group,36,29
Adler Consultants,Jiangxi Science and Technology Normal University,28,31
Adler Consultants,SUNY New Paltz,26,39
Adler Consultants,Tianjin Normal University,29,33
Adler Consultants,Singapore Telecom,29,29
Adler Consultants,Consorzio di Bioingegneria e Informatica Medica,22,28
Adler Consultants,KSI Technologies (UK) Ltd.,33,30
Adler Consultants,Management Information Systems,34,30
Adler Consultants,Japanese financial institution,38,43
Adler Consultants,Bertelsmann,36,36
Adler Consultants,Univ. Georgia's Terry Coll. Business,34,27
Adler Consultants,Alinement Network,41,41
Adler Consultants,Shenzhen Stock Exchange,30,30
Adler Consultants,University of New Mexico Health Sciences Center,28,31
Adler Consultants,Harvey Strategic Information Management,32,32
Adler Consultants,BIS Mackintosh Ltd,34,40
Adler Consultants,Temasek Polytechnic,39,39
Adler Consultants,Jiujiang University,28,28
Adler Consultants,Interactive Intelligence,29,34
Adler Consultants,Shenzhen Aerospace Tech-Innovation Institute,33,36
Adler Consultants,Lufthansa Group,38,50
Adler Consultants,Center for Telecom Management,39,35
Adler Consultants,Ministry of Health Vitenam,28,33
Adler Consultants,True Generation Hospital,34,39
Adler Consultants,National Central University,41,36
Adler Consultants,Dytecna Ltd.,41,43
Adler Consultants,MIT Sloan School's Center for Information Systems Research (CISR,27,30
Adler Consultants,Laboratoire des Sciences du Climat et de l'Environnement,33,27
Adler Consultants,Faculty of Earth and Life Sciences,35,43
Adler Consultants,Univ. N. T.,21,24
Adler Consultants,Korea District Heating Corp.,31,27
Adler Consultants,Advanced Technology Center,42,37
Adler Consultants,Theseus Institute,35,35
G.R. Herberger Coll. Bus.,Sichuan Prov. Inst. of Dermatology,24,22
G.R. Herberger Coll. Bus.,Waters Australia Pty. Ltd.,27,35
G.R. Herberger Coll. Bus.,WHU Vollendar,26,34
G.R. Herberger Coll. Bus.,Daegu Health College,40,43
G.R. Herberger Coll. Bus.,National Institute for Mathematical Sciences,23,24
G.R. Herberger Coll. Bus.,Marlo Group,33,24
G.R. Herberger Coll. Bus.,Jiangxi Science and Technology Normal University,33,26
G.R. Herberger Coll. Bus.,SUNY New Paltz,21,17
G.R. Herberger Coll. Bus.,Tianjin Normal University,24,26
G.R. Herberger Coll. Bus.,Singapore Telecom,33,26
G.R. Herberger Coll. Bus.,Consorzio di Bioingegneria e Informatica Medica,28,26
G.R. Herberger Coll. Bus.,KSI Technologies (UK) Ltd.,31,36
G.R. Herberger Coll. Bus.,Management Information Systems,25,23
G.R. Herberger Coll. Bus.,Japanese financial institution,25,23
G.R. Herberger Coll. Bus.,Bertelsmann,33,24
G.R. Herberger Coll. Bus.,Univ. Georgia's Terry Coll. Business,56,57
G.R. Herberger Coll. Bus.,Alinement Network,19,26
G.R. Herberger Coll. Bus.,Shenzhen Stock Exchange,25,31
G.R. Herberger Coll. Bus.,University of New Mexico Health Sciences Center,25,26
G.R. Herberger Coll. Bus.,Harvey Strategic Information Management,25,26
G.R. Herberger Coll. Bus.,BIS Mackintosh Ltd,23,30
G.R. Herberger Coll. Bus.,Temasek Polytechnic,23,24
G.R. Herberger Coll. Bus.,Jiujiang University,23,24
G.R. Herberger Coll. Bus.,Interactive Intelligence,24,30
G.R. Herberger Coll. Bus.,Shenzhen Aerospace Tech-Innovation Institute,29,27
G.R. Herberger Coll. Bus.,Lufthansa Group,25,22
G.R. Herberger Coll. Bus.,Center for Telecom Management,30,27
G.R. Herberger Coll. Bus.,Ministry of Health Vitenam,24,21
G.R. Herberger Coll. Bus.,True Generation Hospital,33,26
G.R. Herberger Coll. Bus.,National Central University,27,24
G.R. Herberger Coll. Bus.,Dytecna Ltd.,22,12
G.R. Herberger Coll. Bus.,MIT Sloan School's Center for Information Systems Research (CISR,25,24
G.R. Herberger Coll. Bus.,Laboratoire des Sciences du Climat et de l'Environnement,22,26
G.R. Herberger Coll. Bus.,Faculty of Earth and Life Sciences,24,29
G.R. Herberger Coll. Bus.,Univ. N. T.,28,13
G.R. Herberger Coll. Bus.,Korea District Heating Corp.,34,37
G.R. Herberger Coll. Bus.,Advanced Technology Center,24,25
G.R. Herberger Coll. Bus.,Theseus Institute,24,26
Sichuan Prov. Inst. of Dermatology,Waters Australia Pty. Ltd.,30,32
Sichuan Prov. Inst. of Dermatology,WHU Vollendar,30,31
Sichuan Prov. Inst. of Dermatology,Daegu Health College,30,27
Sichuan Prov. Inst. of Dermatology,National Institute for Mathematical Sciences,38,34
Sichuan Prov. Inst. of Dermatology,Marlo Group,27,23
Sichuan Prov. Inst. of Dermatology,Jiangxi Science and Technology Normal University,37,38
Sichuan Prov. Inst. of Dermatology,SUNY New Paltz,33,35
Sichuan Prov. Inst. of Dermatology,Tianjin Normal University,41,39
Sichuan Prov. Inst. of Dermatology,Singapore Telecom,39,24
Sichuan Prov. Inst. of Dermatology,Consorzio di Bioingegneria e Informatica Medica,35,35
Sichuan Prov. Inst. of Dermatology,KSI Technologies (UK) Ltd.,37,36
Sichuan Prov. Inst. of Dermatology,Management Information Systems,38,32
Sichuan Prov. Inst. of Dermatology,Japanese financial institution,34,39
Sichuan Prov. Inst. of Dermatology,Bertelsmann,22,33
Sichuan Prov. Inst. of Dermatology,Univ. Georgia's Terry Coll. Business,34,36
Sichuan Prov. Inst. of Dermatology,Alinement Network,31,33
Sichuan Prov. Inst. of Dermatology,Shenzhen Stock Exchange,39,33
Sichuan Prov. Inst. of Dermatology,University of New Mexico Health Sciences Center,32,41
Sichuan Prov. Inst. of Dermatology,Harvey Strategic Information Management,41,37
Sichuan Prov. Inst. of Dermatology,BIS Mackintosh Ltd,31,36
Sichuan Prov. Inst. of Dermatology,Temasek Polytechnic,26,27
Sichuan Prov. Inst. of Dermatology,Jiujiang University,38,27
Sichuan Prov. Inst. of Dermatology,Interactive Intelligence,38,32
Sichuan Prov. Inst. of Dermatology,Shenzhen Aerospace Tech-Innovation Institute,33,37
Sichuan Prov. Inst. of Dermatology,Lufthansa Group,29,30
Sichuan Prov. Inst. of Dermatology,Center for Telecom Management,35,30
Sichuan Prov. Inst. of Dermatology,Ministry of Health Vitenam,40,52
Sichuan Prov. Inst. of Dermatology,True Generation Hospital,31,39
Sichuan Prov. Inst. of Dermatology,National Central University,33,41
Sichuan Prov. Inst. of Dermatology,Dytecna Ltd.,22,23
Sichuan Prov. Inst. of Dermatology,MIT Sloan School's Center for Information Systems Research (CISR,35,36
Sichuan Prov. Inst. of Dermatology,Laboratoire des Sciences du Climat et de l'Environnement,33,34
Sichuan Prov. Inst. of Dermatology,Faculty of Earth and Life Sciences,32,45
Sichuan Prov. Inst. of Dermatology,Univ. N. T.,40,25
Sichuan Prov. Inst. of Dermatology,Korea District Heating Corp.,32,37
Sichuan Prov. Inst. of Dermatology,Advanced Technology Center,33,34
Sichuan Prov. Inst. of Dermatology,Theseus Institute,31,29
Waters Australia Pty. Ltd.,WHU Vollendar,26,27
Waters Australia Pty. Ltd.,Daegu Health College,35,27
Waters Australia Pty. Ltd.,National Institute for Mathematical Sciences,31,32
Waters Australia Pty. Ltd.,Marlo Group,27,29
Waters Australia Pty. Ltd.,Jiangxi Science and Technology Normal University,30,33
Waters Australia Pty. Ltd.,SUNY New Paltz,30,26
Waters Australia Pty. Ltd.,Tianjin Normal University,31,37
Waters Australia Pty. Ltd.,Singapore Telecom,28,34
Waters Australia Pty. Ltd.,Consorzio di Bioingegneria e Informatica Medica,25,31
Waters Australia Pty. Ltd.,KSI Technologies (UK) Ltd.,42,43
Waters Australia Pty. Ltd.,Management Information Systems,32,37
Waters Australia Pty. Ltd.,Japanese financial institution,36,37
Waters Australia Pty. Ltd.,Bertelsmann,27,23
Waters Australia Pty. Ltd.,Univ. Georgia's Terry Coll. Business,32,34
Waters Australia Pty. Ltd.,Alinement Network,28,39
Waters Australia Pty. Ltd.,Shenzhen Stock Exchange,20,17
Waters Australia Pty. Ltd.,University of New Mexico Health Sciences Center,25,31
Waters Australia Pty. Ltd.,Harvey Strategic Information Management,37,35
Waters Australia Pty. Ltd.,BIS Mackintosh Ltd,41,43
Waters Australia Pty. Ltd.,Temasek Polytechnic,36,28
Waters Australia Pty. Ltd.,Jiujiang University,31,33
Waters Australia Pty. Ltd.,Interactive Intelligence,36,33
Waters Australia Pty. Ltd.,Shenzhen Aerospace Tech-Innovation Institute,31,32
Waters Australia Pty. Ltd.,Lufthansa Group,29,31
Waters Australia Pty. Ltd.,Center for Telecom Management,33,30
Waters Australia Pty. Ltd.,Ministry of Health Vitenam,31,36
Waters Australia Pty. Ltd.,True Generation Hospital,40,38
Waters Australia Pty. Ltd.,National Central University,38,43
Waters Australia Pty. Ltd.,Dytecna Ltd.,42,34
Waters Australia Pty. Ltd.,MIT Sloan School's Center for Information Systems Research (CISR,24,28
Waters Australia Pty. Ltd.,Laboratoire des Sciences du Climat et de l'Environnement,34,30
Waters Australia Pty. Ltd.,Faculty of Earth and Life Sciences,30,34
Waters Australia Pty. Ltd.,Univ. N. T.,38,19
Waters Australia Pty. Ltd.,Korea District Heating Corp.,37,35
Waters Australia Pty. Ltd.,Advanced Technology Center,31,32
Waters Australia Pty. Ltd.,Theseus Institute,42,44
WHU Vollendar,Daegu Health College,36,48
WHU Vollendar,National Institute for Mathematical Sciences,21,18
WHU Vollendar,Marlo Group,17,25
WHU Vollendar,Jiangxi Science and Technology Normal University,20,23
WHU Vollendar,SUNY New Paltz,30,30
WHU Vollendar,Tianjin Normal University,26,26
WHU Vollendar,Singapore Telecom,20,27
WHU Vollendar,Consorzio di Bioingegneria e Informatica Medica,20,20
WHU Vollendar,KSI Technologies (UK) Ltd.,26,28
WHU Vollendar,Management Information Systems,14,19
WHU Vollendar,Japanese financial institution,14,19
WHU Vollendar,Bertelsmann,17,17
WHU Vollendar,Univ. Georgia's Terry Coll. Business,24,34
WHU Vollendar,Alinement Network,27,33
WHU Vollendar,Shenzhen Stock Exchange,28,22
WHU Vollendar,University of New Mexico Health Sciences Center,23,20
WHU Vollendar,Harvey Strategic Information Management,19,19
WHU Vollendar,BIS Mackintosh Ltd,26,26
WHU Vollendar,Temasek Polytechnic,31,31
WHU Vollendar,Jiujiang University,31,19
WHU Vollendar,Interactive Intelligence,27,27
WHU Vollendar,Shenzhen Aerospace Tech-Innovation Institute,21,21
WHU Vollendar,Lufthansa Group,29,29
WHU Vollendar,Center for Telecom Management,29,19
WHU Vollendar,Ministry of Health Vitenam,31,21
WHU Vollendar,True Generation Hospital,27,32
WHU Vollendar,National Central University,30,25
WHU Vollendar,Dytecna Ltd.,24,33
WHU Vollendar,MIT Sloan School's Center for Information Systems Research (CISR,18,16
WHU Vollendar,Laboratoire des Sciences du Climat et de l'Environnement,20,20
WHU Vollendar,Faculty of Earth and Life Sciences,26,26
WHU Vollendar,Univ. N. T.,25,29
WHU Vollendar,Korea District Heating Corp.,24,25
WHU Vollendar,Advanced Technology Center,31,31
WHU Vollendar,Theseus Institute,27,27
Daegu Health College,National Institute for Mathematical Sciences,34,28
Daegu Health College,Marlo Group,26,32
Daegu Health College,Jiangxi Science and Technology Normal University,32,29
Daegu Health College,SUNY New Paltz,35,29
Daegu Health College,Tianjin Normal University,27,31
Daegu Health College,Singapore Telecom,38,32
Daegu Health College,Consorzio di Bioingegneria e Informatica Medica,27,30
Daegu Health College,KSI Technologies (UK) Ltd.,30,33
Daegu Health College,Management Information Systems,28,24
Daegu Health College,Japanese financial institution,28,24
Daegu Health College,Bertelsmann,19,19
Daegu Health College,Univ. Georgia's Terry Coll. Business,39,33
Daegu Health College,Alinement Network,32,32
Daegu Health College,Shenzhen Stock Exchange,37,37
Daegu Health College,University of New Mexico Health Sciences Center,36,30
Daegu Health College,Harvey Strategic Information Management,31,24
Daegu Health College,BIS Mackintosh Ltd,32,32
Daegu Health College,Temasek Polytechnic,36,31
Daegu Health College,Jiujiang University,26,26
Daegu Health College,Interactive Intelligence,36,41
Daegu Health College,Shenzhen Aerospace Tech-Innovation Institute,25,31
Daegu Health College,Lufthansa Group,29,34
Daegu Health College,Center for Telecom Management,33,37
Daegu Health College,Ministry of Health Vitenam,39,26
Daegu Health College,True Generation Hospital,36,36
Daegu Health College,National Central University,30,30
Daegu Health College,Dytecna Ltd.,31,32
Daegu Health College,MIT Sloan School's Center for Information Systems Research (CISR,21,24
Daegu Health College,Laboratoire des Sciences du Climat et de l'Environnement,26,29
Daegu Health College,Faculty of Earth and Life Sciences,41,26
Daegu Health College,Univ. N. T.,19,14
Daegu Health College,Korea District Heating Corp.,38,38
Daegu Health College,Advanced Technology Center,43,30
Daegu Health College,Theseus Institute,27,22
National Institute for Mathematical Sciences,Marlo Group,15,25
National Institute for Mathematical Sciences,Jiangxi Science and Technology Normal University,37,39
National Institute for Mathematical Sciences,SUNY New Paltz,24,31
National Institute for Mathematical Sciences,Tianjin Normal University,43,41
National Institute for Mathematical Sciences,Singapore Telecom,36,30
National Institute for Mathematical Sciences,Consorzio di Bioingegneria e Informatica Medica,46,37
National Institute for Mathematical Sciences,KSI Technologies (UK) Ltd.,29,39
National Institute for Mathematical Sciences,Management Information Systems,46,43
National Institute for Mathematical Sciences,Japanese financial institution,43,46
National Institute for Mathematical Sciences,Bertelsmann,25,25
National Institute for Mathematical Sciences,Univ. Georgia's Terry Coll. Business,42,33
National Institute for Mathematical Sciences,Alinement Network,36,33
National Institute for Mathematical Sciences,Shenzhen Stock Exchange,36,30
National Institute for Mathematical Sciences,University of New Mexico Health Sciences Center,51,48
National Institute for Mathematical Sciences,Harvey Strategic Information Management,43,41
National Institute for Mathematical Sciences,BIS Mackintosh Ltd,29,35
National Institute for Mathematical Sciences,Temasek Polytechnic,35,35
National Institute for Mathematical Sciences,Jiujiang University,29,29
National Institute for Mathematical Sciences,Interactive Intelligence,44,38
National Institute for Mathematical Sciences,Shenzhen Aerospace Tech-Innovation Institute,36,43
National Institute for Mathematical Sciences,Lufthansa Group,27,27
National Institute for Mathematical Sciences,Center for Telecom Management,41,38
National Institute for Mathematical Sciences,Ministry of Health Vitenam,46,37
National Institute for Mathematical Sciences,True Generation Hospital,35,32
National Institute for Mathematical Sciences,National Central University,51,48
National Institute for Mathematical Sciences,Dytecna Ltd.,18,22
National Institute for Mathematical Sciences,MIT Sloan School's Center for Information Systems Research (CISR,44,41
National Institute for Mathematical Sciences,Laboratoire des Sciences du Climat et de l'Environnement,36,44
National Institute for Mathematical Sciences,Faculty of Earth and Life Sciences,51,51
National Institute for Mathematical Sciences,Univ. N. T.,22,23
National Institute for Mathematical Sciences,Korea District Heating Corp.,44,48
National Institute for Mathematical Sciences,Advanced Technology Center,40,31
National Institute for Mathematical Sciences,Theseus Institute,36,52
Marlo Group,Jiangxi Science and Technology Normal University,20,20
Marlo Group,SUNY New Paltz,16,24
Marlo Group,Tianjin Normal University,28,22
Marlo Group,Singapore Telecom,29,36
Marlo Group,Consorzio di Bioingegneria e Informatica Medica,21,21
Marlo Group,KSI Technologies (UK) Ltd.,22,18
Marlo Group,Management Information Systems,24,24
Marlo Group,Japanese financial institution,20,15
Marlo Group,Bertelsmann,18,27
Marlo Group,Univ. Georgia's Terry Coll. Business,21,18
Marlo Group,Alinement Network,29,21
Marlo Group,Shenzhen Stock Exchange,18,18
Marlo Group,University of New Mexico Health Sciences Center,17,17
Marlo Group,Harvey Strategic Information Management,24,24
Marlo Group,BIS Mackintosh Ltd,28,28
Marlo Group,Temasek Polytechnic,27,27
Marlo Group,Jiujiang University,20,20
Marlo Group,Interactive Intelligence,17,17
Marlo Group,Shenzhen Aerospace Tech-Innovation Institute,22,22
Marlo Group,Lufthansa Group,54,54
Marlo Group,Center for Telecom Management,25,35
Marlo Group,Ministry of Health Vitenam,22,22
Marlo Group,True Generation Hospital,34,34
Marlo Group,National Central University,26,21
Marlo Group,Dytecna Ltd.,17,18
Marlo Group,MIT Sloan School's Center for Information Systems Research (CISR,19,22
Marlo Group,Laboratoire des Sciences du Climat et de l'Environnement,18,18
Marlo Group,Faculty of Earth and Life Sciences,22,22
Marlo Group,Univ. N. T.,9,11
Marlo Group,Korea District Heating Corp.,31,26
Marlo Group,Advanced Technology Center,27,22
Marlo Group,Theseus Institute,14,14
Jiangxi Science and Technology Normal University,SUNY New Paltz,29,29
Jiangxi Science and Technology Normal University,Tianjin Normal University,63,58
Jiangxi Science and Technology Normal University,Singapore Telecom,31,34
Jiangxi Science and Technology Normal University,Consorzio di Bioingegneria e Informatica Medica,40,36
Jiangxi Science and Technology Normal University,KSI Technologies (UK) Ltd.,43,45
Jiangxi Science and Technology Normal University,Management Information Systems,41,36
Jiangxi Science and Technology Normal University,Japanese financial institution,41,38
Jiangxi Science and Technology Normal University,Bertelsmann,24,17
Jiangxi Science and Technology Normal University,Univ. Georgia's Terry Coll. Business,40,41
Jiangxi Science and Technology Normal University,Alinement Network,31,34
Jiangxi Science and Technology Normal University,Shenzhen Stock Exchange,37,34
Jiangxi Science and Technology Normal University,University of New Mexico Health Sciences Center,38,57
Jiangxi Science and Technology Normal University,Harvey Strategic Information Management,39,37
Jiangxi Science and Technology Normal University,BIS Mackintosh Ltd,30,30
Jiangxi Science and Technology Normal University,Temasek Polytechnic,30,30
Jiangxi Science and Technology Normal University,Jiujiang University,51,51
Jiangxi Science and Technology Normal University,Interactive Intelligence,36,42
Jiangxi Science and Technology Normal University,Shenzhen Aerospace Tech-Innovation Institute,43,39
Jiangxi Science and Technology Normal University,Lufthansa Group,25,22
Jiangxi Science and Technology Normal University,Center for Telecom Management,42,34
Jiangxi Science and Technology Normal University,Ministry of Health Vitenam,38,32
Jiangxi Science and Technology Normal University,True Generation Hospital,33,36
Jiangxi Science and Technology Normal University,National Central University,56,53
Jiangxi Science and Technology Normal University,Dytecna Ltd.,27,24
Jiangxi Science and Technology Normal University,MIT Sloan School's Center for Information Systems Research (CISR,41,40
Jiangxi Science and Technology Normal University,Laboratoire des Sciences du Climat et de l'Environnement,42,35
Jiangxi Science and Technology Normal University,Faculty of Earth and Life Sciences,32,41
Jiangxi Science and Technology Normal University,Univ. N. T.,20,29
Jiangxi Science and Technology Normal University,Korea District Heating Corp.,34,32
Jiangxi Science and Technology Normal University,Advanced Technology Center,54,54
Jiangxi Science and Technology Normal University,Theseus Institute,22,31
SUNY New Paltz,Tianjin Normal University,31,41
SUNY New Paltz,Singapore Telecom,32,26
SUNY New Paltz,Consorzio di Bioingegneria e Informatica Medica,23,20
SUNY New Paltz,KSI Technologies (UK) Ltd.,35,32
SUNY New Paltz,Management Information Systems,23,32
SUNY New Paltz,Japanese financial institution,27,32
SUNY New Paltz,Bertelsmann,24,32
SUNY New Paltz,Univ. Georgia's Terry Coll. Business,24,33
SUNY New Paltz,Alinement Network,32,32
SUNY New Paltz,Shenzhen Stock Exchange,27,32
SUNY New Paltz,University of New Mexico Health Sciences Center,36,36
SUNY New Paltz,Harvey Strategic Information Management,23,23
SUNY New Paltz,BIS Mackintosh Ltd,38,31
SUNY New Paltz,Temasek Polytechnic,36,30
SUNY New Paltz,Jiujiang University,36,30
SUNY New Paltz,Interactive Intelligence,26,26
SUNY New Paltz,Shenzhen Aerospace Tech-Innovation Institute,24,28
SUNY New Paltz,Lufthansa Group,28,28
SUNY New Paltz,Center for Telecom Management,28,28
SUNY New Paltz,Ministry of Health Vitenam,35,35
SUNY New Paltz,True Generation Hospital,42,42
SUNY New Paltz,National Central University,29,39
SUNY New Paltz,Dytecna Ltd.,38,32
SUNY New Paltz,MIT Sloan School's Center for Information Systems Research (CISR,21,23
SUNY New Paltz,Laboratoire des Sciences du Climat et de l'Environnement,23,23
SUNY New Paltz,Faculty of Earth and Life Sciences,29,38
SUNY New Paltz,Univ. N. T.,48,55
SUNY New Paltz,Korea District Heating Corp.,24,20
SUNY New Paltz,Advanced Technology Center,25,35
SUNY New Paltz,Theseus Institute,32,39
Tianjin Normal University,Singapore Telecom,29,29
Tianjin Normal University,Consorzio di Bioingegneria e Informatica Medica,33,31
Tianjin Normal University,KSI Technologies (UK) Ltd.,35,29
Tianjin Normal University,Management Information Systems,44,47
Tianjin Normal University,Japanese financial institution,44,44
Tianjin Normal University,Bertelsmann,22,28
Tianjin Normal University,Univ. Georgia's Terry Coll. Business,39,37
Tianjin Normal University,Alinement Network,38,43
Tianjin Normal University,Shenzhen Stock Exchange,29,29
Tianjin Normal University,University of New Mexico Health Sciences Center,33,56
Tianjin Normal University,Harvey Strategic Information Management,41,41
Tianjin Normal University,BIS Mackintosh Ltd,33,28
Tianjin Normal University,Temasek Polytechnic,32,36
Tianjin Normal University,Jiujiang University,68,68
Tianjin Normal University,Interactive Intelligence,37,37
Tianjin Normal University,Shenzhen Aerospace Tech-Innovation Institute,32,38
Tianjin Normal University,Lufthansa Group,30,30
Tianjin Normal University,Center for Telecom Management,33,33
Tianjin Normal University,Ministry of Health Vitenam,43,39
Tianjin Normal University,True Generation Hospital,37,41
Tianjin Normal University,National Central University,73,73
Tianjin Normal University,Dytecna Ltd.,27,22
Tianjin Normal University,MIT Sloan School's Center for Information Systems Research (CISR,34,32
Tianjin Normal University,Laboratoire des Sciences du Climat et de l'Environnement,30,27
Tianjin Normal University,Faculty of Earth and Life Sciences,34,34
Tianjin Normal University,Univ. N. T.,33,48
Tianjin Normal University,Korea District Heating Corp.,30,38
Tianjin Normal University,Advanced Technology Center,39,35
Tianjin Normal University,Theseus Institute,29,29
Singapore Telecom,Consorzio di Bioingegneria e Informatica Medica,31,34
Singapore Telecom,KSI Technologies (UK) Ltd.,33,35
Singapore Telecom,Management Information Systems,34,38
Singapore Telecom,Japanese financial institution,30,30
Singapore Telecom,Bertelsmann,36,36
Singapore Telecom,Univ. Georgia's Terry Coll. Business,34,35
Singapore Telecom,Alinement Network,35,35
Singapore Telecom,Shenzhen Stock Exchange,35,35
Singapore Telecom,University of New Mexico Health Sciences Center,28,25
Singapore Telecom,Harvey Strategic Information Management,32,32
Singapore Telecom,BIS Mackintosh Ltd,34,29
Singapore Telecom,Temasek Polytechnic,33,39
Singapore Telecom,Jiujiang University,28,28
Singapore Telecom,Interactive Intelligence,49,39
Singapore Telecom,Shenzhen Aerospace Tech-Innovation Institute,33,33
Singapore Telecom,Lufthansa Group,25,25
Singapore Telecom,Center for Telecom Management,48,52
Singapore Telecom,Ministry of Health Vitenam,37,33
Singapore Telecom,True Generation Hospital,29,34
Singapore Telecom,National Central University,32,27
Singapore Telecom,Dytecna Ltd.,28,29
Singapore Telecom,MIT Sloan School's Center for Information Systems Research (CISR,25,30
Singapore Telecom,Laboratoire des Sciences du Climat et de l'Environnement,30,27
Singapore Telecom,Faculty of Earth and Life Sciences,27,31
Singapore Telecom,Univ. N. T.,29,24
Singapore Telecom,Korea District Heating Corp.,36,32
Singapore Telecom,Advanced Technology Center,33,37
Singapore Telecom,Theseus Institute,29,41
Consorzio di Bioingegneria e Informatica Medica,KSI Technologies (UK) Ltd.,27,29
Consorzio di Bioingegneria e Informatica Medica,Management Information Systems,42,31
Consorzio di Bioingegneria e Informatica Medica,Japanese financial institution,36,36
Consorzio di Bioingegneria e Informatica Medica,Bertelsmann,21,21
Consorzio di Bioingegneria e Informatica Medica,Univ. Georgia's Terry Coll. Business,34,40
Consorzio di Bioingegneria e Informatica Medica,Alinement Network,25,28
Consorzio di Bioingegneria e Informatica Medica,Shenzhen Stock Exchange,31,29
Consorzio di Bioingegneria e Informatica Medica,University of New Mexico Health Sciences Center,36,38
Consorzio di Bioingegneria e Informatica Medica,Harvey Strategic Information Management,42,42
Consorzio di Bioingegneria e Informatica Medica,BIS Mackintosh Ltd,25,31
Consorzio di Bioingegneria e Informatica Medica,Temasek Polytechnic,27,30
Consorzio di Bioingegneria e Informatica Medica,Jiujiang University,27,30
Consorzio di Bioingegneria e Informatica Medica,Interactive Intelligence,37,42
Consorzio di Bioingegneria e Informatica Medica,Shenzhen Aerospace Tech-Innovation Institute,37,35
Consorzio di Bioingegneria e Informatica Medica,Lufthansa Group,19,26
Consorzio di Bioingegneria e Informatica Medica,Center for Telecom Management,37,37
Consorzio di Bioingegneria e Informatica Medica,Ministry of Health Vitenam,33,36
Consorzio di Bioingegneria e Informatica Medica,True Generation Hospital,37,39
Consorzio di Bioingegneria e Informatica Medica,National Central University,35,35
Consorzio di Bioingegneria e Informatica Medica,Dytecna Ltd.,24,21
Consorzio di Bioingegneria e Informatica Medica,MIT Sloan School's Center for Information Systems Research (CISR,45,44
Consorzio di Bioingegneria e Informatica Medica,Laboratoire des Sciences du Climat et de l'Environnement,39,35
Consorzio di Bioingegneria e Informatica Medica,Faculty of Earth and Life Sciences,32,32
Consorzio di Bioingegneria e Informatica Medica,Univ. N. T.,21,18
Consorzio di Bioingegneria e Informatica Medica,Korea District Heating Corp.,37,38
Consorzio di Bioingegneria e Informatica Medica,Advanced Technology Center,27,27
Consorzio di Bioingegneria e Informatica Medica,Theseus Institute,25,25
KSI Technologies (UK) Ltd.,Management Information Systems,21,26
KSI Technologies (UK) Ltd.,Japanese financial institution,29,26
KSI Technologies (UK) Ltd.,Bertelsmann,22,24
KSI Technologies (UK) Ltd.,Univ. Georgia's Terry Coll. Business,35,42
KSI Technologies (UK) Ltd.,Alinement Network,23,30
KSI Technologies (UK) Ltd.,Shenzhen Stock Exchange,37,39
KSI Technologies (UK) Ltd.,University of New Mexico Health Sciences Center,33,37
KSI Technologies (UK) Ltd.,Harvey Strategic Information Management,31,26
KSI Technologies (UK) Ltd.,BIS Mackintosh Ltd,45,49
KSI Technologies (UK) Ltd.,Temasek Polytechnic,36,48
KSI Technologies (UK) Ltd.,Jiujiang University,31,29
KSI Technologies (UK) Ltd.,Interactive Intelligence,32,34
KSI Technologies (UK) Ltd.,Shenzhen Aerospace Tech-Innovation Institute,37,30
KSI Technologies (UK) Ltd.,Lufthansa Group,29,32
KSI Technologies (UK) Ltd.,Center for Telecom Management,29,27
KSI Technologies (UK) Ltd.,Ministry of Health Vitenam,31,29
KSI Technologies (UK) Ltd.,True Generation Hospital,28,30
KSI Technologies (UK) Ltd.,National Central University,34,32
KSI Technologies (UK) Ltd.,Dytecna Ltd.,47,35
KSI Technologies (UK) Ltd.,MIT Sloan School's Center for Information Systems Research (CISR,27,30
KSI Technologies (UK) Ltd.,Laboratoire des Sciences du Climat et de l'Environnement,32,30
KSI Technologies (UK) Ltd.,Faculty of Earth and Life Sciences,27,32
KSI Technologies (UK) Ltd.,Univ. N. T.,32,32
KSI Technologies (UK) Ltd.,Korea District Heating Corp.,33,36
KSI Technologies (UK) Ltd.,Advanced Technology Center,46,49
KSI Technologies (UK) Ltd.,Theseus Institute,33,45
Management Information Systems,Japanese financial institution,40,43
Management Information Systems,Bertelsmann,24,29
Management Information Systems,Univ. Georgia's Terry Coll. Business,36,31
Management Information Systems,Alinement Network,47,43
Management Information Systems,Shenzhen Stock Exchange,30,34
Management Information Systems,University of New Mexico Health Sciences Center,34,36
Management Information Systems,Harvey Strategic Information Management,52,75
Management Information Systems,BIS Mackintosh Ltd,33,33
Management Information Systems,Temasek Polytechnic,33,37
Management Information Systems,Jiujiang University,33,33
Management Information Systems,Interactive Intelligence,37,41
Management Information Systems,Shenzhen Aerospace Tech-Innovation Institute,46,43
Management Information Systems,Lufthansa Group,27,27
Management Information Systems,Center for Telecom Management,41,64
Management Information Systems,Ministry of Health Vitenam,39,36
Management Information Systems,True Generation Hospital,44,44
Management Information Systems,National Central University,39,42
Management Information Systems,Dytecna Ltd.,24,24
Management Information Systems,MIT Sloan School's Center for Information Systems Research (CISR,55,52
Management Information Systems,Laboratoire des Sciences du Climat et de l'Environnement,35,40
Management Information Systems,Faculty of Earth and Life Sciences,34,34
Management Information Systems,Univ. N. T.,24,21
Management Information Systems,Korea District Heating Corp.,31,35
Management Information Systems,Advanced Technology Center,36,36
Management Information Systems,Theseus Institute,38,38
Japanese financial institution,Bertelsmann,24,20
Japanese financial institution,Univ. Georgia's Terry Coll. Business,33,31
Japanese financial institution,Alinement Network,38,34
Japanese financial institution,Shenzhen Stock Exchange,34,26
Japanese financial institution,University of New Mexico Health Sciences Center,36,34
Japanese financial institution,Harvey Strategic Information Management,38,41
Japanese financial institution,BIS Mackintosh Ltd,33,33
Japanese financial institution,Temasek Polytechnic,29,29
Japanese financial institution,Jiujiang University,37,33
Japanese financial institution,Interactive Intelligence,41,41
Japanese financial institution,Shenzhen Aerospace Tech-Innovation Institute,49,46
Japanese financial institution,Lufthansa Group,27,27
Japanese financial institution,Center for Telecom Management,31,34
Japanese financial institution,Ministry of Health Vitenam,36,39
Japanese financial institution,True Generation Hospital,33,37
Japanese financial institution,National Central University,42,46
Japanese financial institution,Dytecna Ltd.,24,20
Japanese financial institution,MIT Sloan School's Center for Information Systems Research (CISR,30,34
Japanese financial institution,Laboratoire des Sciences du Climat et de l'Environnement,35,35
Japanese financial institution,Faculty of Earth and Life Sciences,31,38
Japanese financial institution,Univ. N. T.,24,26
Japanese financial institution,Korea District Heating Corp.,38,42
Japanese financial institution,Advanced Technology Center,36,29
Japanese financial institution,Theseus Institute,51,51
Bertelsmann,Univ. Georgia's Terry Coll. Business,30,27
Bertelsmann,Alinement Network,29,29
Bertelsmann,Shenzhen Stock Exchange,29,29
Bertelsmann,University of New Mexico Health Sciences Center,28,24
Bertelsmann,Harvey Strategic Information Management,32,28
Bertelsmann,BIS Mackintosh Ltd,34,34
Bertelsmann,Temasek Polytechnic,33,33
Bertelsmann,Jiujiang University,20,20
Bertelsmann,Interactive Intelligence,34,29
Bertelsmann,Shenzhen Aerospace Tech-Innovation Institute,25,25
Bertelsmann,Lufthansa Group,23,31
Bertelsmann,Center for Telecom Management,45,35
Bertelsmann,Ministry of Health Vitenam,22,27
Bertelsmann,True Generation Hospital,29,29
Bertelsmann,National Central University,21,32
Bertelsmann,Dytecna Ltd.,26,27
Bertelsmann,MIT Sloan School's Center for Information Systems Research (CISR,16,22
Bertelsmann,Laboratoire des Sciences du Climat et de l'Environnement,27,21
Bertelsmann,Faculty of Earth and Life Sciences,27,27
Bertelsmann,Univ. N. T.,18,21
Bertelsmann,Korea District Heating Corp.,31,26
Bertelsmann,Advanced Technology Center,27,27
Bertelsmann,Theseus Institute,29,29
Univ. Georgia's Terry Coll. Business,Alinement Network,23,27
Univ. Georgia's Terry Coll. Business,Shenzhen Stock Exchange,27,28
Univ. Georgia's Terry Coll. Business,University of New Mexico Health Sciences Center,46,40
Univ. Georgia's Terry Coll. Business,Harvey Strategic Information Management,29,30
Univ. Georgia's Terry Coll. Business,BIS Mackintosh Ltd,26,31
Univ. Georgia's Terry Coll. Business,Temasek Polytechnic,29,26
Univ. Georgia's Terry Coll. Business,Jiujiang University,33,34
Univ. Georgia's Terry Coll. Business,Interactive Intelligence,40,45
Univ. Georgia's Terry Coll. Business,Shenzhen Aerospace Tech-Innovation Institute,35,31
Univ. Georgia's Terry Coll. Business,Lufthansa Group,27,20
Univ. Georgia's Terry Coll. Business,Center for Telecom Management,37,32
Univ. Georgia's Terry Coll. Business,Ministry of Health Vitenam,39,33
Univ. Georgia's Terry Coll. Business,True Generation Hospital,37,38
Univ. Georgia's Terry Coll. Business,National Central University,41,36
Univ. Georgia's Terry Coll. Business,Dytecna Ltd.,21,22
Univ. Georgia's Terry Coll. Business,MIT Sloan School's Center for Information Systems Research (CISR,36,35
Univ. Georgia's Terry Coll. Business,Laboratoire des Sciences du Climat et de l'Environnement,28,31
Univ. Georgia's Terry Coll. Business,Faculty of Earth and Life Sciences,40,35
Univ. Georgia's Terry Coll. Business,Univ. N. T.,38,38
Univ. Georgia's Terry Coll. Business,Korea District Heating Corp.,31,30
Univ. Georgia's Terry Coll. Business,Advanced Technology Center,35,33
Univ. Georgia's Terry Coll. Business,Theseus Institute,30,31
Alinement Network,Shenzhen Stock Exchange,35,45
Alinement Network,University of New Mexico Health Sciences Center,34,34
Alinement Network,Harvey Strategic Information Management,32,39
Alinement Network,BIS Mackintosh Ltd,34,34
Alinement Network,Temasek Polytechnic,28,33
Alinement Network,Jiujiang University,33,33
Alinement Network,Interactive Intelligence,39,44
Alinement Network,Shenzhen Aerospace Tech-Innovation Institute,26,30
Alinement Network,Lufthansa Group,25,19
Alinement Network,Center for Telecom Management,30,43
Alinement Network,Ministry of Health Vitenam,28,33
Alinement Network,True Generation Hospital,29,34
Alinement Network,National Central University,45,36
Alinement Network,Dytecna Ltd.,28,29
Alinement Network,MIT Sloan School's Center for Information Systems Research (CISR,25,20
Alinement Network,Laboratoire des Sciences du Climat et de l'Environnement,30,36
Alinement Network,Faculty of Earth and Life Sciences,27,27
Alinement Network,Univ. N. T.,29,32
Alinement Network,Korea District Heating Corp.,36,32
Alinement Network,Advanced Technology Center,42,42
Alinement Network,Theseus Institute,29,29
Shenzhen Stock Exchange,University of New Mexico Health Sciences Center,37,37
Shenzhen Stock Exchange,Harvey Strategic Information Management,35,35
Shenzhen Stock Exchange,BIS Mackintosh Ltd,24,24
Shenzhen Stock Exchange,Temasek Polytechnic,38,38
Shenzhen Stock Exchange,Jiujiang University,19,38
Shenzhen Stock Exchange,Interactive Intelligence,30,34
Shenzhen Stock Exchange,Shenzhen Aerospace Tech-Innovation Institute,54,51
Shenzhen Stock Exchange,Lufthansa Group,26,26
Shenzhen Stock Exchange,Center for Telecom Management,46,38
Shenzhen Stock Exchange,Ministry of Health Vitenam,33,29
Shenzhen Stock Exchange,True Generation Hospital,34,34
Shenzhen Stock Exchange,National Central University,32,32
Shenzhen Stock Exchange,Dytecna Ltd.,23,29
Shenzhen Stock Exchange,MIT Sloan School's Center for Information Systems Research (CISR,30,28
Shenzhen Stock Exchange,Laboratoire des Sciences du Climat et de l'Environnement,25,33
Shenzhen Stock Exchange,Faculty of Earth and Life Sciences,32,35
Shenzhen Stock Exchange,Univ. N. T.,24,19
Shenzhen Stock Exchange,Korea District Heating Corp.,39,32
Shenzhen Stock Exchange,Advanced Technology Center,41,41
Shenzhen Stock Exchange,Theseus Institute,35,35
University of New Mexico Health Sciences Center,Harvey Strategic Information Management,37,35
University of New Mexico Health Sciences Center,BIS Mackintosh Ltd,34,28
University of New Mexico Health Sciences Center,Temasek Polytechnic,30,30
University of New Mexico Health Sciences Center,Jiujiang University,30,42
University of New Mexico Health Sciences Center,Interactive Intelligence,39,39
University of New Mexico Health Sciences Center,Shenzhen Aerospace Tech-Innovation Institute,37,37
University of New Mexico Health Sciences Center,Lufthansa Group,26,23
University of New Mexico Health Sciences Center,Center for Telecom Management,45,39
University of New Mexico Health Sciences Center,Ministry of Health Vitenam,52,47
University of New Mexico Health Sciences Center,True Generation Hospital,34,45
University of New Mexico Health Sciences Center,National Central University,38,59
University of New Mexico Health Sciences Center,Dytecna Ltd.,20,21
University of New Mexico Health Sciences Center,MIT Sloan School's Center for Information Systems Research (CISR,36,40
University of New Mexico Health Sciences Center,Laboratoire des Sciences du Climat et de l'Environnement,41,43
University of New Mexico Health Sciences Center,Faculty of Earth and Life Sciences,49,54
University of New Mexico Health Sciences Center,Univ. N. T.,28,29
University of New Mexico Health Sciences Center,Korea District Heating Corp.,40,35
University of New Mexico Health Sciences Center,Advanced Technology Center,41,36
University of New Mexico Health Sciences Center,Theseus Institute,31,34
Harvey Strategic Information Management,BIS Mackintosh Ltd,32,28
Harvey Strategic Information Management,Temasek Polytechnic,28,28
Harvey Strategic Information Management,Jiujiang University,28,28
Harvey Strategic Information Management,Interactive Intelligence,41,41
Harvey Strategic Information Management,Shenzhen Aerospace Tech-Innovation Institute,46,51
Harvey Strategic Information Management,Lufthansa Group,26,30
Harvey Strategic Information Management,Center for Telecom Management,59,59
Harvey Strategic Information Management,Ministry of Health Vitenam,34,37
Harvey Strategic Information Management,True Generation Hospital,41,44
Harvey Strategic Information Management,National Central University,33,39
Harvey Strategic Information Management,Dytecna Ltd.,31,24
Harvey Strategic Information Management,MIT Sloan School's Center for Information Systems Research (CISR,41,43
Harvey Strategic Information Management,Laboratoire des Sciences du Climat et de l'Environnement,44,44
Harvey Strategic Information Management,Faculty of Earth and Life Sciences,33,33
Harvey Strategic Information Management,Univ. N. T.,20,21
Harvey Strategic Information Management,Korea District Heating Corp.,42,36
Harvey Strategic Information Management,Advanced Technology Center,43,37
Harvey Strategic Information Management,Theseus Institute,36,29
BIS Mackintosh Ltd,Temasek Polytechnic,32,32
BIS Mackintosh Ltd,Jiujiang University,27,22
BIS Mackintosh Ltd,Interactive Intelligence,33,29
BIS Mackintosh Ltd,Shenzhen Aerospace Tech-Innovation Institute,32,29
BIS Mackintosh Ltd,Lufthansa Group,24,36
BIS Mackintosh Ltd,Center for Telecom Management,30,30
BIS Mackintosh Ltd,Ministry of Health Vitenam,36,36
BIS Mackintosh Ltd,True Generation Hospital,33,24
BIS Mackintosh Ltd,National Central University,31,27
BIS Mackintosh Ltd,Dytecna Ltd.,40,28
BIS Mackintosh Ltd,MIT Sloan School's Center for Information Systems Research (CISR,27,27
BIS Mackintosh Ltd,Laboratoire des Sciences du Climat et de l'Environnement,32,30
BIS Mackintosh Ltd,Faculty of Earth and Life Sciences,27,31
BIS Mackintosh Ltd,Univ. N. T.,34,31
BIS Mackintosh Ltd,Korea District Heating Corp.,30,36
BIS Mackintosh Ltd,Advanced Technology Center,27,27
BIS Mackintosh Ltd,Theseus Institute,34,34
Temasek Polytechnic,Jiujiang University,21,21
Temasek Polytechnic,Interactive Intelligence,42,42
Temasek Polytechnic,Shenzhen Aerospace Tech-Innovation Institute,35,29
Temasek Polytechnic,Lufthansa Group,29,35
Temasek Polytechnic,Center for Telecom Management,33,29
Temasek Polytechnic,Ministry of Health Vitenam,36,40
Temasek Polytechnic,True Generation Hospital,28,33
Temasek Polytechnic,National Central University,26,26
Temasek Polytechnic,Dytecna Ltd.,39,47
Temasek Polytechnic,MIT Sloan School's Center for Information Systems Research (CISR,29,27
Temasek Polytechnic,Laboratoire des Sciences du Climat et de l'Environnement,27,27
Temasek Polytechnic,Faculty of Earth and Life Sciences,34,30
Temasek Polytechnic,Univ. N. T.,13,22
Temasek Polytechnic,Korea District Heating Corp.,34,35
Temasek Polytechnic,Advanced Technology Center,40,27
Temasek Polytechnic,Theseus Institute,39,39
Jiujiang University,Interactive Intelligence,33,37
Jiujiang University,Shenzhen Aerospace Tech-Innovation Institute,25,29
Jiujiang University,Lufthansa Group,29,29
Jiujiang University,Center for Telecom Management,21,21
Jiujiang University,Ministry of Health Vitenam,31,31
Jiujiang University,True Generation Hospital,37,33
Jiujiang University,National Central University,61,57
Jiujiang University,Dytecna Ltd.,19,20
Jiujiang University,MIT Sloan School's Center for Information Systems Research (CISR,24,24
Jiujiang University,Laboratoire des Sciences du Climat et de l'Environnement,24,27
Jiujiang University,Faculty of Earth and Life Sciences,30,30
Jiujiang University,Univ. N. T.,33,44
Jiujiang University,Korea District Heating Corp.,30,30
Jiujiang University,Advanced Technology Center,31,36
Jiujiang University,Theseus Institute,33,28
Interactive Intelligence,Shenzhen Aerospace Tech-Innovation Institute,41,35
Interactive Intelligence,Lufthansa Group,21,21
Interactive Intelligence,Center for Telecom Management,42,38
Interactive Intelligence,Ministry of Health Vitenam,44,36
Interactive Intelligence,True Generation Hospital,42,42
Interactive Intelligence,National Central University,39,39
Interactive Intelligence,Dytecna Ltd.,28,34
Interactive Intelligence,MIT Sloan School's Center for Information Systems Research (CISR,30,30
Interactive Intelligence,Laboratoire des Sciences du Climat et de l'Environnement,35,35
Interactive Intelligence,Faculty of Earth and Life Sciences,41,38
Interactive Intelligence,Univ. N. T.,34,38
Interactive Intelligence,Korea District Heating Corp.,38,39
Interactive Intelligence,Advanced Technology Center,44,40
Interactive Intelligence,Theseus Institute,44,44
Shenzhen Aerospace Tech-Innovation Institute,Lufthansa Group,24,27
Shenzhen Aerospace Tech-Innovation Institute,Center for Telecom Management,38,38
Shenzhen Aerospace Tech-Innovation Institute,Ministry of Health Vitenam,31,34
Shenzhen Aerospace Tech-Innovation Institute,True Generation Hospital,41,41
Shenzhen Aerospace Tech-Innovation Institute,National Central University,37,45
Shenzhen Aerospace Tech-Innovation Institute,Dytecna Ltd.,25,22
Shenzhen Aerospace Tech-Innovation Institute,MIT Sloan School's Center for Information Systems Research (CISR,39,43
Shenzhen Aerospace Tech-Innovation Institute,Laboratoire des Sciences du Climat et de l'Environnement,34,38
Shenzhen Aerospace Tech-Innovation Institute,Faculty of Earth and Life Sciences,31,36
Shenzhen Aerospace Tech-Innovation Institute,Univ. N. T.,22,19
Shenzhen Aerospace Tech-Innovation Institute,Korea District Heating Corp.,31,39
Shenzhen Aerospace Tech-Innovation Institute,Advanced Technology Center,46,40
Shenzhen Aerospace Tech-Innovation Institute,Theseus Institute,46,43
Lufthansa Group,Center for Telecom Management,27,27
Lufthansa Group,Ministry of Health Vitenam,24,29
Lufthansa Group,True Generation Hospital,31,36
Lufthansa Group,National Central University,29,29
Lufthansa Group,Dytecna Ltd.,30,23
Lufthansa Group,MIT Sloan School's Center for Information Systems Research (CISR,20,23
Lufthansa Group,Laboratoire des Sciences du Climat et de l'Environnement,23,20
Lufthansa Group,Faculty of Earth and Life Sciences,29,29
Lufthansa Group,Univ. N. T.,23,26
Lufthansa Group,Korea District Heating Corp.,33,38
Lufthansa Group,Advanced Technology Center,24,24
Lufthansa Group,Theseus Institute,31,31
Center for Telecom Management,Ministry of Health Vitenam,44,36
Center for Telecom Management,True Generation Hospital,34,38
Center for Telecom Management,National Central University,36,39
Center for Telecom Management,Dytecna Ltd.,29,30
Center for Telecom Management,MIT Sloan School's Center for Information Systems Research (CISR,39,48
Center for Telecom Management,Laboratoire des Sciences du Climat et de l'Environnement,40,38
Center for Telecom Management,Faculty of Earth and Life Sciences,38,35
Center for Telecom Management,Univ. N. T.,20,22
Center for Telecom Management,Korea District Heating Corp.,32,36
Center for Telecom Management,Advanced Technology Center,40,40
Center for Telecom Management,Theseus Institute,26,30
Ministry of Health Vitenam,True Generation Hospital,40,40
Ministry of Health Vitenam,National Central University,42,42
Ministry of Health Vitenam,Dytecna Ltd.,26,27
Ministry of Health Vitenam,MIT Sloan School's Center for Information Systems Research (CISR,33,34
Ministry of Health Vitenam,Laboratoire des Sciences du Climat et de l'Environnement,29,29
Ministry of Health Vitenam,Faculty of Earth and Life Sciences,47,47
Ministry of Health Vitenam,Univ. N. T.,27,29
Ministry of Health Vitenam,Korea District Heating Corp.,41,38
Ministry of Health Vitenam,Advanced Technology Center,27,35
Ministry of Health Vitenam,Theseus Institute,33,33
True Generation Hospital,National Central University,39,51
True Generation Hospital,Dytecna Ltd.,33,34
True Generation Hospital,MIT Sloan School's Center for Information Systems Research (CISR,34,39
True Generation Hospital,Laboratoire des Sciences du Climat et de l'Environnement,32,30
True Generation Hospital,Faculty of Earth and Life Sciences,31,38
True Generation Hospital,Univ. N. T.,34,31
True Generation Hospital,Korea District Heating Corp.,42,35
True Generation Hospital,Advanced Technology Center,28,32
True Generation Hospital,Theseus Institute,39,39
National Central University,Dytecna Ltd.,31,32
National Central University,MIT Sloan School's Center for Information Systems Research (CISR,37,40
National Central University,Laboratoire des Sciences du Climat et de l'Environnement,31,31
National Central University,Faculty of Earth and Life Sciences,39,36
National Central University,Univ. N. T.,32,46
National Central University,Korea District Heating Corp.,29,37
National Central University,Advanced Technology Center,42,38
National Central University,Theseus Institute,32,27
Dytecna Ltd.,MIT Sloan School's Center for Information Systems Research (CISR,16,22
Dytecna Ltd.,Laboratoire des Sciences du Climat et de l'Environnement,24,18
Dytecna Ltd.,Faculty of Earth and Life Sciences,22,27
Dytecna Ltd.,Univ. N. T.,35,32
Dytecna Ltd.,Korea District Heating Corp.,30,26
Dytecna Ltd.,Advanced Technology Center,37,32
Dytecna Ltd.,Theseus Institute,28,29
MIT Sloan School's Center for Information Systems Research (CISR,Laboratoire des Sciences du Climat et de l'Environnement,38,42
MIT Sloan School's Center for Information Systems Research (CISR,Faculty of Earth and Life Sciences,35,35
MIT Sloan School's Center for Information Systems Research (CISR,Univ. N. T.,13,14
MIT Sloan School's Center for Information Systems Research (CISR,Korea District Heating Corp.,30,33
MIT Sloan School's Center for Information Systems Research (CISR,Advanced Technology Center,31,34
MIT Sloan School's Center for Information Systems Research (CISR,Theseus Institute,27,28
Laboratoire des Sciences du Climat et de l'Environnement,Faculty of Earth and Life Sciences,36,47
Laboratoire des Sciences du Climat et de l'Environnement,Univ. N. T.,15,16
Laboratoire des Sciences du Climat et de l'Environnement,Korea District Heating Corp.,33,31
Laboratoire des Sciences du Climat et de l'Environnement,Advanced Technology Center,34,34
Laboratoire des Sciences du Climat et de l'Environnement,Theseus Institute,33,30
Faculty of Earth and Life Sciences,Univ. N. T.,22,29
Faculty of Earth and Life Sciences,Korea District Heating Corp.,35,33
Faculty of Earth and Life Sciences,Advanced Technology Center,40,37
Faculty of Earth and Life Sciences,Theseus Institute,27,35
Univ. N. T.,Korea District Heating Corp.,26,23
Univ. N. T.,Advanced Technology Center,27,29
Univ. N. T.,Theseus Institute,29,32
Korea District Heating Corp.,Advanced Technology Center,37,30
Korea District Heating Corp.,Theseus Institute,36,41
Advanced Technology Center,Theseus Institute,28,28
